<?xml version="1.0" encoding="UTF-8"?>
<project xmlns="http://maven.apache.org/POM/4.0.0" xmlns:xsi="http://www.w3.org/2001/XMLSchema-instance" xsi:schemaLocation="http://maven.apache.org/POM/4.0.0 http://maven.apache.org/maven-v4_0_0.xsd">
  <modelVersion>4.0.0</modelVersion>
  <groupId>com.example</groupId>
  <artifactId>project-name</artifactId>
  <version>1.0.0</version>
  <build>
    <plugins>
      <plugin>
        <artifactId>maven-compiler-plugin</artifactId>
        <version>3.11.0</version>
        <configuration>
          <source>20</source>
          <target>20</target>
          <compilerArgs>
            <arg>--add-opens=java.base/java.lang=ALL-UNNAMED</arg>
            <arg>--add-opens=java.base/java.nio=ALL-UNNAMED</arg>
            <arg>--add-opens=java.base/java.util=ALL-UNNAMED</arg>
          </compilerArgs>
        </configuration>
      </plugin>
      <plugin>
        <artifactId>maven-shade-plugin</artifactId>
        <version>3.3.0</version>
        <executions>
          <execution>
            <phase>package</phase>
            <goals>
              <goal>shade</goal>
            </goals>
            <configuration>
              <transformers>
                <transformer>
                  <mainClass>com.server.Main</mainClass>
                </transformer>
              </transformers>
              <finalName>server-package</finalName>
            </configuration>
          </execution>
        </executions>
      </plugin>
    </plugins>
  </build>
  <profiles>
    <profile>
      <id>runMain</id>
      <build>
        <plugins>
          <plugin>
            <groupId>org.codehaus.mojo</groupId>
            <artifactId>exec-maven-plugin</artifactId>
            <version>1.6.0</version>
            <executions>
              <execution>
                <goals>
                  <goal>java</goal>
                </goals>
              </execution>
            </executions>
            <configuration>
              <mainClass>${exec.mainClass}</mainClass>
              <arguments>
                <argument>${javafx.platform}</argument>
              </arguments>
              <systemPropertyVariables>
                <javafx.platform>${javafx.platform}</javafx.platform>
              </systemPropertyVariables>
              <classpathScope>test</classpathScope>
            </configuration>
          </plugin>
        </plugins>
      </build>
    </profile>
  </profiles>
</project>
